{
    "mean": [
        -834.8448017954037,
        112.55184181833899,
        -24.695157376938308,
        7.114385613147786,
        -5.023193398453542,
        1.8475042512479998,
        5.985626855433382,
        3.079665716712838,
        0.08178762272493728,
        5.687102945632493,
        4.563006558757744,
        4.598400662474285,
        6.098800439412231
    ],
    "variance": [
        36966.36851831407,
        6641.927250944911,
        2464.3455178301447,
        626.6252710362078,
        528.4247530603208,
        383.88650219587987,
        362.268957603492,
        199.54022914067855,
        297.34795686422535,
        163.14792657606782,
        179.43813270899304,
        171.19254785413403,
        170.63188489123647
    ]
}