{
    "mean": [
        -673.0953081228176,
        147.6063905219265,
        -58.76450732647119,
        2.3024324035466193,
        -17.44578958728036,
        -1.3247873396336225,
        0.9546971844980348,
        0.8682678041195078,
        -1.1556683886324262,
        6.182724434396495,
        5.073729388899979,
        4.56788460079227,
        6.63169479492726
    ],
    "variance": [
        5797.602148445276,
        9272.492045978239,
        1825.558298522775,
        739.4762906455289,
        467.6426503241499,
        364.29200297161736,
        375.87683262271935,
        244.77960881379104,
        345.6804712160459,
        182.33129603813308,
        197.49837036839912,
        217.65367799053783,
        236.42644439933323
    ]
}